Model,Train WPC,Test WPC,LB WPC
TabTransformer,0.3700687419930925,0.1945899433410561,0.1719266510416864
CategoryEmbedding,0.3131947503364094,0.08424733686284411,0.16042012250552554
AutoInt,0.2056510739945639,0.1620296842179381,0.15150668128480407
