Model,Train WPC,Test WPC,LB WPC
TabTransformer,0.36147008860925073,0.20104028762635162,0.19162891627290515
CategoryEmbedding,0.4412971600721463,0.2226991073606331,0.1829827370976889
AutoInt,0.16807142873120554,0.11407799836987571,0.11840705060048498
