Model,Train WPC,Test WPC,LB WPC
CategoryEmbedding,0.3431141500488862,0.15810870132987842,0.1936092229201679
AutoInt,0.20394522535647255,0.145343873708303,0.18494263949632317
TabTransformer,0.41071562171467546,0.218339165579195,0.16243751899441908
