Model,Train WPC,Test WPC,LB WPC
AutoInt,0.21099743291118894,0.17788089665413878,0.20395552586853888
CategoryEmbedding,0.3086453666979572,0.09912978796029354,0.08144072921341033
TabTransformer,0.3887567149767348,0.2117475683176022,0.0712588703402543
