Model,Train WPC,Test WPC,LB WPC
TabTransformer,0.3773993966422042,0.17334868786961985,0.19467384570479274
AutoInt,0.19674350540631239,0.1484635125302896,0.1607979179895986
CategoryEmbedding,0.377347290665879,0.16323797426038933,0.11001929339824276
