Model,Train WPC,Test WPC,LB WPC
AutoInt,0.18672362019206712,0.148270915638215,0.1944114151922491
TabTransformer,0.13048904739747172,0.15038599368393885,0.1279877613813149
CategoryEmbedding,0.2858044269081434,0.10859743151907746,0.10670775472022387
