Model,Train WPC,Test WPC,LB WPC
AutoInt,0.19751700430176602,0.15420036644794888,0.1764172509389933
CategoryEmbedding,0.3579947282261125,0.14006566982219568,0.10252318031591524
TabTransformer,0.2841736909506407,0.1396433459329895,0.07270996507831384
