Model,Train WPC,Test WPC,LB WPC
AutoInt,0.19402498515377692,0.1795032779830747,0.20114771684089341
CategoryEmbedding,0.30041788647710543,0.10005931400046641,0.09280585595722021
TabTransformer,0.23551770855495896,0.05500787974046845,0.06640375109365375
