Model,Train WPC,Test WPC,LB WPC
TabTransformer,0.5082386559904769,0.2187825326117044,0.2112682139397148
AutoInt,0.24329347794787673,0.1979378056223121,0.19937114377246176
CategoryEmbedding,0.462105762615023,0.20413303689421122,0.160002137968658
