Model,Train WPC,Test WPC,LB WPC
CategoryEmbedding,0.29676509750588004,0.14508334726092248,0.28044751717059346
AutoInt,0.2656586371019229,0.22970583488736565,0.215356423974776
TabTransformer,0.4281891489412256,0.15068483655073947,0.20193270795762003
