Model,Train WPC,Test WPC,LB WPC
CategoryEmbedding,0.24240052757680328,0.05931110444512525,0.16524106115202325
TabTransformer,0.27630989415421103,0.18357047648882702,0.15346861205929296
AutoInt,0.22008401953311738,0.1515490239630155,0.1482202457576095
