Function_B,embedding_dim_0,embedding_dim_1,embedding_dim_2,embedding_dim_3
Cell death,0.15907559,0.36968872,2.3408346,0.05336586
DNA repair,-0.8034251,0.035048522,-0.9497555,-0.27824467
Differentiation,0.6411475,-0.7656022,0.21697536,-0.15717396
Metabolism,1.01227,-0.77588373,-2.5971437,1.5816641
Oncogenic signal,-1.8285352,1.749974,-0.6441697,0.25290915
other,0.44084692,0.83405197,0.35707965,-1.1243578
