Function_A,embedding_dim_0,embedding_dim_1,embedding_dim_2,embedding_dim_3
Cell death,0.068345375,2.015749,-0.13788402,-1.1900412
DNA repair,0.21761726,0.119763896,1.1414186,0.7322343
Differentiation,-0.106017604,0.08966265,-0.4507592,1.9528103
Metabolism,-0.7088295,-0.81158364,-0.7481725,-1.0140412
Oncogenic signal,0.18224499,0.17368212,1.1010804,1.1231999
other,0.20326482,-0.47290698,0.93107337,-1.90807
