Model,Train WPC,Test WPC,LB WPC
AutoInt,0.3615871424275519,0.23859321471095468,0.26834195945420236
CategoryEmbedding,0.49988359007776717,0.20566421232404372,0.23569342385153233
TabTransformer,0.3744154921510299,0.22058296094882046,0.19232157653134685
