Model,Train WPC,Test WPC,LB WPC
AutoInt,0.3535263861092172,0.23851563444970536,0.27921980973196087
TabTransformer,0.3823172911204452,0.1664275841511061,0.2273487125697365
CategoryEmbedding,0.4971397598248801,0.22996620011102975,0.18682524548451346
