Model,Train WPC,Test WPC,LB WPC
AutoInt,0.35437576123823705,0.21744546426448397,0.2728751980507466
TabTransformer,0.3860212424758245,0.1795698340661511,0.21386076053492045
CategoryEmbedding,0.5076470689201751,0.19399473785812715,0.20502740385820356
