Model,Train WPC,Test WPC,LB WPC
AutoInt,0.34457061574951997,0.20962293212485347,0.2490883786047169
TabTransformer,0.3738544557886741,0.21026964772693693,0.20728739604177202
CategoryEmbedding,0.47970605608023925,0.2332262797076664,0.16293057173610245
