Model,Train WPC,Test WPC,LB WPC
AutoInt,0.3511037118005352,0.2427032973250252,0.2865937857561179
CategoryEmbedding,0.5901772733673412,0.251151246504312,0.2572299484276343
TabTransformer,0.4025332354022752,0.16475852874603525,0.15652722475979286
