Model,Train WPC,Test WPC,LB WPC
AutoInt,0.3514787612556156,0.23572703897882286,0.24524580485426603
CategoryEmbedding,0.494908979240957,0.1919342162727317,0.2209274703066807
TabTransformer,0.42850605438037453,0.17373852488833041,0.15101075815469853
