Model,Train WPC,Test WPC,LB WPC
AutoInt,0.35547733460213016,0.24668743296704979,0.2860703384279757
CategoryEmbedding,0.5316923108793001,0.22165256514762594,0.23503386954898953
TabTransformer,0.4117859003504887,0.20187339220991815,0.21520459444264645
