Model,Train WPC,Test WPC,LB WPC
AutoInt,0.3536833900296859,0.22244900750006927,0.27615450019496035
CategoryEmbedding,0.5236306581936063,0.2534748012025316,0.1938287226009879
TabTransformer,0.4220766393620186,0.21646730553134821,0.1482610968967586
