Model,Train WPC,Test WPC,LB WPC
AutoInt,0.35068762937994513,0.2387603986658525,0.2775318067497992
TabTransformer,0.38389601409938473,0.21023398290790776,0.24870795198903267
CategoryEmbedding,0.5024100176911067,0.17987944077184018,0.24513687828827296
