Model,Train WPC,Test WPC,LB WPC
AutoInt,0.36009431658362606,0.23437142263845442,0.25424585097374874
TabTransformer,0.37417266280832645,0.22163917342734207,0.2075779465657437
CategoryEmbedding,0.5033221651678066,0.20594403287698396,0.17292154899945478
