Model,Train WPC,Test WPC,LB WPC
CategoryEmbedding,0.34108432924214993,0.08799970105728162,0.19628745899489503
AutoInt,0.22826241314054357,0.1665393739211935,0.19172389799051562
TabTransformer,0.5051688637579898,0.20970353045177362,0.13629243160854035
