Model,Train WPC,Test WPC,LB WPC
AutoInt,0.21927805629559965,0.16259539176493584,0.2080287685167691
TabTransformer,0.3729366355307239,0.19654981988964024,0.17366383294389148
CategoryEmbedding,0.30943897415475036,0.08009946169309633,0.16816304545343147
