Model,Train WPC,Test WPC,LB WPC
TabTransformer,0.4057214555831154,0.15987955016264077,0.2580003695320687
AutoInt,0.1672717862598596,0.13714640404903805,0.1915721315543559
CategoryEmbedding,0.3487785845383141,0.12296227577229689,0.10033541647298284
