Model,Train WPC,Test WPC,LB WPC
TabTransformer,0.26959660540365754,0.19188856012125352,0.22760980028904837
AutoInt,0.23370526425098562,0.2022919980942157,0.2142152623502209
CategoryEmbedding,0.38712732948390255,0.1563671387956717,0.2060516363998538
