Model,Train WPC,Test WPC,LB WPC
AutoInt,0.19775381241144635,0.1814374111809177,0.18684829969754183
TabTransformer,0.3945676504619844,0.19765362908443157,0.09951458756141467
CategoryEmbedding,0.42051998812687275,0.13897874990729056,0.05362299849371168
