Model,Train WPC,Test WPC,LB WPC
AutoInt,0.192691145704817,0.17563181746391068,0.1886241692652003
CategoryEmbedding,0.37429454586111555,0.145512507013916,0.1686755843314545
TabTransformer,0.26753068313782996,0.1015641613128536,0.16694011785641247
