Model,Train WPC,Test WPC,LB WPC
AutoInt,0.20002606105571602,0.17961150988793106,0.23446542838452283
CategoryEmbedding,0.2630698029263033,0.12808636550358618,0.1542778992370198
TabTransformer,0.3674680919242691,0.21250445697728915,0.05674269322552188
