Model,Train WPC,Test WPC,LB WPC
TabTransformer,0.3058865848627768,0.17775998533938106,0.20985955564090947
AutoInt,0.20182466766717366,0.1883819372782092,0.1859873957295127
CategoryEmbedding,0.3368715182435585,0.1622682076223557,0.16967215291608953
