Model,Train WPC,Test WPC,LB WPC
AutoInt,0.20095859926867662,0.15915956258517008,0.19918546316290098
TabTransformer,0.333760986302929,0.1345490210794587,0.19592465750568394
CategoryEmbedding,0.37511064507319297,0.20967068058972388,0.07735608952932746
