Model,Train WPC,Test WPC,LB WPC
CategoryEmbedding,0.2745811627902507,0.11399873125084765,0.20188176864002844
AutoInt,0.19534628355093625,0.1612827018804551,0.19933327829970676
TabTransformer,0.36284953079804616,0.1873105795458934,0.11901663666942741
