Model,Train WPC,Test WPC,LB WPC
AutoInt,0.17133103715160178,0.16966518271343967,0.19342336186812945
CategoryEmbedding,0.38891450292073654,0.10892499179062899,0.15384352121756062
TabTransformer,0.36424364586429786,0.17268470941957267,0.040754266708285636
