Model,Train WPC,Test WPC,LB WPC
CategoryEmbedding,0.57011067897393,0.22427669072301695,0.282187627121093
AutoInt,0.3384672749188749,0.24203943490999527,0.2819907484016807
TabTransformer,0.3885711977977586,0.224041149801935,0.24576320712374575
