Model,Train WPC,Test WPC,LB WPC
TabTransformer,0.38813830521796644,0.21517982811127898,0.26906954746991607
CategoryEmbedding,0.6287318599995969,0.25666030567534753,0.2596187820551465
AutoInt,0.34488373991538723,0.23103045899964417,0.2584247088241367
TabNet,0.3830742815427136,0.07204813928077104,0.07774574430493716
