Model,Train WPC,Test WPC,LB WPC
TabTransformer,0.2679250939574587,0.11828624611005659,0.1145924806632384
CategoryEmbedding,0.36071314824601214,0.11144251587870206,0.022290275784064114
