Model,Train WPC,Test WPC,LB WPC
AutoInt,0.35835466134044314,0.22003371630257235,0.25844694808345176
TabTransformer,0.4538589572795298,0.1936356384178305,0.2106950812454335
CategoryEmbedding,0.5698586925800256,0.25379522585518954,0.18472543359936458
