Model,Train WPC,Test WPC,LB WPC
TabTransformer,0.3417645700986075,0.13078110343409227,0.1826327549251606
CategoryEmbedding,0.33430011656990316,0.04855826557706821,0.061796496907206316
