Model,Train WPC,Test WPC,LB WPC
TabTransformer,0.3219838865465494,0.14160835657543144,0.16359010254292475
CategoryEmbedding,0.33781983449199543,0.09566176312832296,0.1138903525532357
