Model,Train WPC,Test WPC,LB WPC
TabTransformer,0.3194206042372086,0.13041489849698645,0.14229775405518177
CategoryEmbedding,0.4360752008364339,0.11501986614110694,0.07072597792778822
