Model,Train WPC,Test WPC,LB WPC
CategoryEmbedding,0.38984277630879915,0.09765938423582571,0.1642632550642705
TabTransformer,0.24108363986850542,0.16262918973146043,0.14291049901788658
