Model,Train WPC,Test WPC,LB WPC
TabTransformer,0.2695958575072757,0.1918883342017204,0.2276103227701787
CategoryEmbedding,0.3871273414917513,0.15636690425146807,0.2060517119015958
