Model,Train WPC,Test WPC,LB WPC
AutoInt,0.3540270830921937,0.2373705998701871,0.2745826174412455
TabTransformer,0.3801701194121752,0.2044253660738717,0.23952685733371368
CategoryEmbedding,0.6005211409901839,0.26613407978069126,0.1770910319216904
