Model,Train WPC,Test WPC,LB WPC
TabTransformer,0.3039998606514068,0.13599128795830792,0.20895369493141197
CategoryEmbedding,0.4125269075290329,0.08891726745838409,0.15106213179732286
