Model,Train WPC,Test WPC,LB WPC
TabTransformer,0.3617078590446813,0.15517136730163045,0.19893029481653812
CategoryEmbedding,0.41248065724431227,0.09037006498494592,0.11919714196576736
