Model,Train WPC,Test WPC,LB WPC
AutoInt,0.34245726592848147,0.22671930162686577,0.2660023839782618
TabTransformer,0.3412529943272694,0.2138611077393998,0.20210247780206858
CategoryEmbedding,0.47454217284112127,0.25033586332613234,0.14847066887816746
