Model,Train WPC,Test WPC,LB WPC
AutoInt,0.3191998970066557,0.21245079737821063,0.2814919805633883
TabTransformer,0.29986845412054547,0.17894405468746682,0.16770291547649951
CategoryEmbedding,0.5323718183099522,0.2344295004042151,0.1611778748614327
