Model,Train WPC,Test WPC,LB WPC
TabTransformer,0.35071758447833334,0.1507583866372228,0.13352661937738936
CategoryEmbedding,0.3501858300794272,0.048960165720925555,0.09251896783422704
