Model,Train WPC,Test WPC,LB WPC
CategoryEmbedding,0.3683591679455982,0.13543923618638157,0.1847293658794723
TabTransformer,0.3420233884776693,0.16657413213544525,0.17489120649032242
